{"cameraMode":{"drawMode":3,"name":"Shadow Cascades","section":"Miscellaneous"},"sceneLighting":false,"audioPlay":false,"sceneViewState":{"m_AlwaysRefresh":false,"showFog":true,"showSkybox":false,"showFlares":true,"showImageEffects":true,"showParticleSystems":true,"showVisualEffectGraphs":true,"m_FxEnabled":true},"in2DMode":false,"pivot":{"x":-0.003924310207366943,"y":0.007316172122955322,"z":0.013728529214859009},"rotation":{"x":0.02739425003528595,"y":0.8307368755340576,"z":-0.041208308190107349,"w":0.5545632243156433},"size":0.40348365902900698,"orthographic":true}