{"cameraMode":{"drawMode":3,"name":"Shadow Cascades","section":"Miscellaneous"},"sceneLighting":false,"audioPlay":false,"sceneViewState":{"m_AlwaysRefresh":false,"showFog":true,"showSkybox":false,"showFlares":true,"showImageEffects":true,"showParticleSystems":true,"showVisualEffectGraphs":true,"m_FxEnabled":true},"in2DMode":false,"pivot":{"x":-0.003924310207366943,"y":0.007316172122955322,"z":0.013728529214859009},"rotation":{"x":0.032152023166418079,"y":0.9337785243988037,"z":-0.087128646671772,"w":0.34575578570365908},"size":0.4604418873786926,"orthographic":true}