{"cameraMode":{"drawMode":3,"name":"Shadow Cascades","section":"Miscellaneous"},"sceneLighting":false,"audioPlay":false,"sceneViewState":{"m_AlwaysRefresh":false,"showFog":true,"showSkybox":false,"showFlares":true,"showImageEffects":true,"showParticleSystems":true,"showVisualEffectGraphs":true,"m_FxEnabled":true},"in2DMode":false,"pivot":{"x":-0.0005720853805541992,"y":-0.014899492263793946,"z":-0.01542915403842926},"rotation":{"x":0.09189128875732422,"y":0.8394408226013184,"z":-0.15020909905433656,"w":0.5142415165901184},"size":0.33833712339401247,"orthographic":true}