{"cameraMode":{"drawMode":0,"name":"Shaded","section":"Shading Mode"},"sceneLighting":false,"audioPlay":false,"sceneViewState":{"m_AlwaysRefresh":false,"showFog":true,"showSkybox":false,"showFlares":true,"showImageEffects":true,"showParticleSystems":true,"showVisualEffectGraphs":true,"m_FxEnabled":false},"in2DMode":false,"pivot":{"x":-6.561910629272461,"y":1.1549426317214966,"z":-0.035337090492248538},"rotation":{"x":-0.03149989992380142,"y":-0.007196556311100721,"z":-0.0002986825711559504,"w":-0.9995945692062378},"size":1.357750415802002,"orthographic":true}