{"cameraMode":{"drawMode":0,"name":"Shaded","section":"Shading Mode"},"sceneLighting":true,"audioPlay":false,"sceneViewState":{"m_AlwaysRefresh":false,"showFog":true,"showSkybox":false,"showFlares":true,"showImageEffects":true,"showParticleSystems":true,"showVisualEffectGraphs":true,"m_FxEnabled":false},"in2DMode":false,"pivot":{"x":0.11650514602661133,"y":0.46973085403442385,"z":-0.00843048095703125},"rotation":{"x":0.027812888845801355,"y":0.009686261415481568,"z":0.0021104891784489156,"w":0.9995691180229187},"size":13.380253791809082,"orthographic":false}