{"cameraMode":{"drawMode":0,"name":"Shaded","section":"Shading Mode"},"sceneLighting":true,"audioPlay":false,"sceneViewState":{"m_AlwaysRefresh":false,"showFog":true,"showSkybox":true,"showFlares":true,"showImageEffects":true,"showParticleSystems":true,"showVisualEffectGraphs":true,"m_FxEnabled":false},"in2DMode":false,"pivot":{"x":1.9439868927001954,"y":2.0271191596984865,"z":-0.7667636871337891},"rotation":{"x":-0.02023911289870739,"y":-0.015920359641313554,"z":0.002057968406006694,"w":0.9996770024299622},"size":2.362973928451538,"orthographic":false}