{"cameraMode":{"drawMode":3,"name":"Shadow Cascades","section":"Miscellaneous"},"sceneLighting":true,"audioPlay":false,"sceneViewState":{"m_AlwaysRefresh":false,"showFog":true,"showSkybox":true,"showFlares":true,"showImageEffects":true,"showParticleSystems":true,"showVisualEffectGraphs":true,"m_FxEnabled":true},"in2DMode":false,"pivot":{"x":-1.7386330366134644,"y":3.8140997886657717,"z":1.816675066947937},"rotation":{"x":0.1374366581439972,"y":0.042743634432554248,"z":-0.0060676936991512779,"w":0.9896267056465149},"size":1.0792251825332642,"orthographic":true}