{"cameraMode":{"drawMode":3,"name":"Shadow Cascades","section":"Miscellaneous"},"sceneLighting":true,"audioPlay":false,"sceneViewState":{"m_AlwaysRefresh":false,"showFog":true,"showSkybox":true,"showFlares":true,"showImageEffects":true,"showParticleSystems":true,"showVisualEffectGraphs":true,"m_FxEnabled":true},"in2DMode":false,"pivot":{"x":37.39657211303711,"y":3.1311941146850588,"z":6.0780229568481449},"rotation":{"x":0.01889754831790924,"y":0.0044980719685554508,"z":-0.00008657653961563483,"w":0.9998407363891602},"size":5.2107086181640629,"orthographic":true}