{"cameraMode":{"drawMode":0,"name":"Shaded","section":"Shading Mode"},"sceneLighting":true,"audioPlay":false,"sceneViewState":{"m_AlwaysRefresh":false,"showFog":true,"showSkybox":true,"showFlares":true,"showImageEffects":true,"showParticleSystems":true,"showVisualEffectGraphs":true,"m_FxEnabled":false},"in2DMode":false,"pivot":{"x":-78.50353240966797,"y":4.135536193847656,"z":0.9796066284179688},"rotation":{"x":-0.01830841228365898,"y":0.005096503533422947,"z":-0.00009335378126706928,"w":-0.999819278717041},"size":8.4502592086792,"orthographic":false}