{"cameraMode":{"drawMode":3,"name":"Shadow Cascades","section":"Miscellaneous"},"sceneLighting":true,"audioPlay":false,"sceneViewState":{"m_AlwaysRefresh":false,"showFog":true,"showSkybox":true,"showFlares":true,"showImageEffects":true,"showParticleSystems":true,"showVisualEffectGraphs":true,"m_FxEnabled":true},"in2DMode":false,"pivot":{"x":-0.13615691661834718,"y":1.672480821609497,"z":0.0814664289355278},"rotation":{"x":-0.0029883510433137419,"y":0.13370485603809358,"z":0.0002801949449349195,"w":0.9910558462142944},"size":1.0792251825332642,"orthographic":true}