{"cameraMode":{"drawMode":0,"name":"Shaded","section":"Shading Mode"},"sceneLighting":true,"audioPlay":false,"sceneViewState":{"m_AlwaysRefresh":false,"showFog":true,"showSkybox":true,"showFlares":true,"showImageEffects":true,"showParticleSystems":true,"showVisualEffectGraphs":true,"m_FxEnabled":false},"in2DMode":false,"pivot":{"x":-2.0892624855041506,"y":1.2202870845794678,"z":0.014930233359336853},"rotation":{"x":-0.01350768655538559,"y":-0.023687036707997323,"z":-0.00017235481936950237,"w":-0.999748170375824},"size":3.8270933628082277,"orthographic":true}