{"cameraMode":{"drawMode":0,"name":"Shaded","section":"Shading Mode"},"sceneLighting":true,"audioPlay":false,"sceneViewState":{"m_AlwaysRefresh":false,"showFog":true,"showSkybox":true,"showFlares":true,"showImageEffects":true,"showParticleSystems":true,"showVisualEffectGraphs":true,"m_FxEnabled":false},"in2DMode":false,"pivot":{"x":-67.4628677368164,"y":3.6089680194854738,"z":0.5571060180664063},"rotation":{"x":-0.01830841228365898,"y":0.005096503533422947,"z":-0.00009335378126706928,"w":-0.999819278717041},"size":9.358328819274903,"orthographic":false}