{"cameraMode":{"drawMode":0,"name":"Shaded","section":"Shading Mode"},"sceneLighting":true,"audioPlay":false,"sceneViewState":{"m_AlwaysRefresh":false,"showFog":true,"showSkybox":true,"showFlares":true,"showImageEffects":true,"showParticleSystems":true,"showVisualEffectGraphs":true,"m_FxEnabled":false},"in2DMode":false,"pivot":{"x":-2.1812334060668947,"y":2.7316360473632814,"z":3.2233521938323976},"rotation":{"x":-0.041987400501966479,"y":0.006292986683547497,"z":-0.0007617453811690211,"w":-0.9992210268974304},"size":3.758563280105591,"orthographic":true}