{"cameraMode":{"drawMode":3,"name":"Shadow Cascades","section":"Miscellaneous"},"sceneLighting":true,"audioPlay":false,"sceneViewState":{"m_AlwaysRefresh":false,"showFog":true,"showSkybox":true,"showFlares":true,"showImageEffects":true,"showParticleSystems":true,"showVisualEffectGraphs":true,"m_FxEnabled":true},"in2DMode":false,"pivot":{"x":-1.8339533805847169,"y":3.3184428215026857,"z":0.18965649604797364},"rotation":{"x":0.12478091567754746,"y":0.11696270853281021,"z":-0.014958477579057217,"w":0.9852092862129211},"size":4.099636554718018,"orthographic":true}