{"cameraMode":{"drawMode":3,"name":"Shadow Cascades","section":"Miscellaneous"},"sceneLighting":true,"audioPlay":false,"sceneViewState":{"m_AlwaysRefresh":false,"showFog":true,"showSkybox":true,"showFlares":true,"showImageEffects":true,"showParticleSystems":true,"showVisualEffectGraphs":true,"m_FxEnabled":true},"in2DMode":false,"pivot":{"x":-5.369999885559082,"y":3.0799999237060549,"z":0.009999990463256836},"rotation":{"x":0.05982629209756851,"y":-0.07064228504896164,"z":0.004118205513805151,"w":0.9957562685012817},"size":3.899336576461792,"orthographic":true}