{"cameraMode":{"drawMode":0,"name":"Shaded","section":"Shading Mode"},"sceneLighting":false,"audioPlay":false,"sceneViewState":{"m_AlwaysRefresh":false,"showFog":true,"showSkybox":true,"showFlares":true,"showImageEffects":true,"showParticleSystems":true,"showVisualEffectGraphs":true,"m_FxEnabled":false},"in2DMode":false,"pivot":{"x":-0.0000026226043701171877,"y":1.7294628620147706,"z":-9.86168384552002},"rotation":{"x":0.1240115761756897,"y":-0.0514737069606781,"z":0.006441939156502485,"w":0.990924596786499},"size":4.786895751953125,"orthographic":false}