{"cameraMode":{"drawMode":0,"name":"Shaded","section":"Shading Mode"},"sceneLighting":true,"audioPlay":false,"sceneViewState":{"m_AlwaysRefresh":false,"showFog":true,"showSkybox":true,"showFlares":true,"showImageEffects":true,"showParticleSystems":true,"showVisualEffectGraphs":true,"m_FxEnabled":false},"in2DMode":false,"pivot":{"x":-1.179978847503662,"y":2.870689868927002,"z":0.3631114959716797},"rotation":{"x":-0.044790465384721759,"y":0.08860137313604355,"z":-0.004218464717268944,"w":-0.9951521754264832},"size":5.733325481414795,"orthographic":true}