{"cameraMode":{"drawMode":3,"name":"Shadow Cascades","section":"Miscellaneous"},"sceneLighting":false,"audioPlay":false,"sceneViewState":{"m_AlwaysRefresh":false,"showFog":true,"showSkybox":false,"showFlares":true,"showImageEffects":true,"showParticleSystems":true,"showVisualEffectGraphs":true,"m_FxEnabled":false},"in2DMode":false,"pivot":{"x":-4.190939903259277,"y":3.211528778076172,"z":1.1627814769744874},"rotation":{"x":0.009003070183098317,"y":0.07225655019283295,"z":0.00031292473431676626,"w":-0.9974510073661804},"size":5.158980369567871,"orthographic":true}