{"cameraMode":{"drawMode":3,"name":"Shadow Cascades","section":"Miscellaneous"},"sceneLighting":false,"audioPlay":false,"sceneViewState":{"m_AlwaysRefresh":false,"showFog":true,"showSkybox":false,"showFlares":true,"showImageEffects":true,"showParticleSystems":true,"showVisualEffectGraphs":true,"m_FxEnabled":true},"in2DMode":false,"pivot":{"x":-3.106015920639038,"y":1.3161132335662842,"z":0.032989274710416797},"rotation":{"x":0.05982629209756851,"y":-0.07064228504896164,"z":0.004118205513805151,"w":0.9957562685012817},"size":0.5142033100128174,"orthographic":true}