{"cameraMode":{"drawMode":0,"name":"Shaded","section":"Shading Mode"},"sceneLighting":true,"audioPlay":false,"sceneViewState":{"m_AlwaysRefresh":false,"showFog":true,"showSkybox":true,"showFlares":true,"showImageEffects":true,"showParticleSystems":true,"showVisualEffectGraphs":true,"m_FxEnabled":false},"in2DMode":false,"pivot":{"x":7.070183753967285,"y":1.727114200592041,"z":-0.04010700061917305},"rotation":{"x":-0.041987400501966479,"y":0.006292986683547497,"z":-0.0007617453811690211,"w":-0.9992210268974304},"size":2.7387614250183107,"orthographic":true}